"Node","Neighbour 1","Neighbour 2","Neighbour 3","Neighbour 4"
"0","1 (4)","4 (2)","6 (5)",""
"1","0 (4)","2 (3)","5 (6)",""
"2","1 (3)","3 (5)","5 (2)",""
"3","2 (5)","7 (3)","5 (7)",""
"4","0 (2)","1 (1)","2 (4)","6 (3)"
"5","1 (6)","2 (2)","3 (7)","7 (2)"
"6","0 (5)","4 (3)","7 (4)","8 (2)"
"7","3 (3)","5 (2)","6 (4)","9 (3)"
"8","6 (2)","9 (4)","10 (3)",""
"9","7 (3)","8 (4)","11 (2)",""
"10","8 (3)","9 (5)","11 (2)","12 (4)"
"11","9 (2)","10 (2)","12 (3)",""
"12","10 (4)","11 (3)","13 (2)","14 (5)"
"13","12 (2)","14 (3)","15 (20)",""
"14","12 (5)","13 (3)","15 (2)",""
"15","14 (2)","","",""
